{"cameraMode":{"drawMode":0,"name":"Shaded","section":"Shading Mode"},"sceneLighting":true,"audioPlay":false,"sceneViewState":{"showFog":true,"showMaterialUpdate":true,"showSkybox":true,"showFlares":true,"showImageEffects":true,"showParticleSystems":true},"in2DMode":false,"pivot":{"x":959.749755859375,"y":9.651532173156739,"z":979.5291748046875},"rotation":{"x":-0.014922571368515492,"y":-0.9717549681663513,"z":0.06457089632749558,"w":-0.2269037812948227},"size":10.415593147277832,"orthographic":false}