{"cameraMode":{"drawMode":0,"name":"Shaded","section":"Shading Mode"},"sceneLighting":true,"audioPlay":false,"sceneViewState":{"showFog":true,"showMaterialUpdate":false,"showSkybox":true,"showFlares":true,"showImageEffects":true,"showParticleSystems":true},"in2DMode":false,"pivot":{"x":319.0260314941406,"y":0.6936458349227905,"z":973.3049926757813},"rotation":{"x":0.1372278332710266,"y":0.262582004070282,"z":-0.03775598853826523,"w":0.9543551206588745},"size":3.510242223739624,"orthographic":false}