{"cameraMode":{"drawMode":0,"name":"Shaded","section":"Shading Mode"},"sceneLighting":true,"audioPlay":false,"sceneViewState":{"showFog":true,"showMaterialUpdate":true,"showSkybox":true,"showFlares":true,"showImageEffects":true,"showParticleSystems":true},"in2DMode":false,"pivot":{"x":964.0122680664063,"y":10.990877151489258,"z":988.1884765625},"rotation":{"x":-0.47383686900138857,"y":-0.5261167883872986,"z":0.5009426474571228,"w":-0.4978146255016327},"size":2.4452342987060549,"orthographic":false}