{"cameraMode":{"drawMode":0,"name":"Shaded","section":"Shading Mode"},"sceneLighting":true,"audioPlay":false,"sceneViewState":{"showFog":true,"showMaterialUpdate":true,"showSkybox":true,"showFlares":true,"showImageEffects":true,"showParticleSystems":true},"in2DMode":false,"pivot":{"x":616.5144653320313,"y":452.9464111328125,"z":44.73297119140625},"rotation":{"x":-0.1119234636425972,"y":-0.1081618070602417,"z":0.012223816476762295,"w":-0.9878560900688171},"size":1109.7816162109375,"orthographic":false}