{"cameraMode":{"drawMode":0,"name":"Shaded","section":"Shading Mode"},"sceneLighting":true,"audioPlay":false,"sceneViewState":{"showFog":true,"showMaterialUpdate":true,"showSkybox":true,"showFlares":true,"showImageEffects":true,"showParticleSystems":true},"in2DMode":false,"pivot":{"x":-979.2891235351563,"y":1414.4832763671875,"z":583.2967529296875},"rotation":{"x":0.2963637411594391,"y":-0.25155022740364077,"z":0.08119390904903412,"w":0.9178476929664612},"size":6.437808513641357,"orthographic":false}