{"cameraMode":{"drawMode":0,"name":"Shaded","section":"Shading Mode"},"sceneLighting":true,"audioPlay":false,"sceneViewState":{"showFog":true,"showMaterialUpdate":true,"showSkybox":true,"showFlares":true,"showImageEffects":true,"showParticleSystems":true},"in2DMode":false,"pivot":{"x":974.2092895507813,"y":6.6324262619018559,"z":945.691162109375},"rotation":{"x":0.19413131475448609,"y":0.6189247369766235,"z":-0.161555677652359,"w":0.7438006401062012},"size":80.43451690673828,"orthographic":false}