{"cameraMode":{"drawMode":0,"name":"Shaded","section":"Shading Mode"},"sceneLighting":true,"audioPlay":false,"sceneViewState":{"showFog":true,"showMaterialUpdate":false,"showSkybox":true,"showFlares":true,"showImageEffects":true,"showParticleSystems":true},"in2DMode":false,"pivot":{"x":325.9764099121094,"y":15.223873138427735,"z":924.2949829101563},"rotation":{"x":0.021062033250927926,"y":0.1523655652999878,"z":-0.0032468026038259269,"w":0.9880944490432739},"size":25.461824417114259,"orthographic":false}