{"cameraMode":{"drawMode":0,"name":"Shaded","section":"Shading Mode"},"sceneLighting":true,"audioPlay":false,"sceneViewState":{"showFog":true,"showMaterialUpdate":true,"showSkybox":true,"showFlares":true,"showImageEffects":true,"showParticleSystems":true},"in2DMode":false,"pivot":{"x":1121.518310546875,"y":264.8038330078125,"z":919.3546142578125},"rotation":{"x":-0.19466669857501985,"y":-0.7897680401802063,"z":0.31392598152160647,"w":-0.4898757338523865},"size":521.8179321289063,"orthographic":false}