{"cameraMode":{"drawMode":0,"name":"Shaded","section":"Shading Mode"},"sceneLighting":true,"audioPlay":false,"sceneViewState":{"showFog":true,"showMaterialUpdate":true,"showSkybox":true,"showFlares":true,"showImageEffects":true,"showParticleSystems":true},"in2DMode":false,"pivot":{"x":953.08154296875,"y":6.381472587585449,"z":963.9376220703125},"rotation":{"x":-0.003747504437342286,"y":0.910007894039154,"z":-0.00852985493838787,"w":-0.4147850275039673},"size":2.532311201095581,"orthographic":false}