{"cameraMode":{"drawMode":0,"name":"Shaded","section":"Shading Mode"},"sceneLighting":true,"audioPlay":false,"sceneViewState":{"showFog":true,"showMaterialUpdate":true,"showSkybox":true,"showFlares":true,"showImageEffects":true,"showParticleSystems":true},"in2DMode":false,"pivot":{"x":964.4009399414063,"y":8.900981903076172,"z":988.4229736328125},"rotation":{"x":0.08265316486358643,"y":-0.8534204959869385,"z":0.14232194423675538,"w":0.49477946758270266},"size":2.3693337440490724,"orthographic":false}