{"cameraMode":{"drawMode":0,"name":"Shaded","section":"Shading Mode"},"sceneLighting":true,"audioPlay":false,"sceneViewState":{"showFog":true,"showMaterialUpdate":false,"showSkybox":true,"showFlares":true,"showImageEffects":true,"showParticleSystems":true},"in2DMode":false,"pivot":{"x":965.00537109375,"y":4.20766544342041,"z":961.240234375},"rotation":{"x":0.007263068575412035,"y":-0.9925219416618347,"z":0.0958901047706604,"w":0.07518352568149567},"size":48.149539947509769,"orthographic":false}