{"cameraMode":{"drawMode":0,"name":"Shaded","section":"Shading Mode"},"sceneLighting":true,"audioPlay":false,"sceneViewState":{"showFog":true,"showMaterialUpdate":true,"showSkybox":true,"showFlares":true,"showImageEffects":true,"showParticleSystems":true},"in2DMode":false,"pivot":{"x":974.3380126953125,"y":4.756366729736328,"z":944.3470458984375},"rotation":{"x":-0.010792072862386704,"y":-0.973297655582428,"z":0.22462449967861176,"w":-0.04694125056266785},"size":2.150820016860962,"orthographic":false}