{"cameraMode":{"drawMode":0,"name":"Shaded","section":"Shading Mode"},"sceneLighting":true,"audioPlay":false,"sceneViewState":{"showFog":true,"showMaterialUpdate":false,"showSkybox":true,"showFlares":true,"showImageEffects":true,"showParticleSystems":true},"in2DMode":false,"pivot":{"x":963.7321166992188,"y":6.241737365722656,"z":986.517333984375},"rotation":{"x":0.4065568149089813,"y":-0.1813787966966629,"z":0.08270605653524399,"w":0.8916129469871521},"size":11.290534019470215,"orthographic":false}