{"cameraMode":{"drawMode":0,"name":"Shaded","section":"Shading Mode"},"sceneLighting":true,"audioPlay":false,"sceneViewState":{"showFog":true,"showMaterialUpdate":false,"showSkybox":true,"showFlares":true,"showImageEffects":true,"showParticleSystems":true},"in2DMode":false,"pivot":{"x":331.856201171875,"y":2.7214877605438234,"z":951.8473510742188},"rotation":{"x":-0.0003728008014149964,"y":-0.9969949722290039,"z":0.00479800533503294,"w":-0.07731670141220093},"size":4.329125881195068,"orthographic":false}