{"cameraMode":{"drawMode":0,"name":"Shaded","section":"Shading Mode"},"sceneLighting":true,"audioPlay":false,"sceneViewState":{"showFog":true,"showMaterialUpdate":false,"showSkybox":true,"showFlares":true,"showImageEffects":true,"showParticleSystems":true},"in2DMode":false,"pivot":{"x":355.13421630859377,"y":3.085184097290039,"z":969.755859375},"rotation":{"x":0.006143507082015276,"y":-0.7976162433624268,"z":-0.00812645722180605,"w":-0.6030793190002441},"size":42.00287628173828,"orthographic":false}