{"cameraMode":{"drawMode":0,"name":"Shaded","section":"Shading Mode"},"sceneLighting":true,"audioPlay":false,"sceneViewState":{"showFog":true,"showMaterialUpdate":true,"showSkybox":true,"showFlares":true,"showImageEffects":true,"showParticleSystems":true},"in2DMode":false,"pivot":{"x":962.6934204101563,"y":7.336199760437012,"z":982.2686157226563},"rotation":{"x":0.002802871633321047,"y":0.9729732871055603,"z":-0.23070646822452546,"w":0.011900113895535469},"size":20.08228874206543,"orthographic":false}