{"cameraMode":{"drawMode":0,"name":"Shaded","section":"Shading Mode"},"sceneLighting":true,"audioPlay":false,"sceneViewState":{"showFog":true,"showMaterialUpdate":true,"showSkybox":true,"showFlares":true,"showImageEffects":true,"showParticleSystems":true},"in2DMode":false,"pivot":{"x":627.1319580078125,"y":131.82479858398438,"z":37.64073181152344},"rotation":{"x":0.17378756403923036,"y":0.34022432565689089,"z":-0.06414184719324112,"w":0.9219675064086914},"size":746.8270263671875,"orthographic":false}