{"cameraMode":{"drawMode":0,"name":"Shaded","section":"Shading Mode"},"sceneLighting":true,"audioPlay":false,"sceneViewState":{"showFog":true,"showMaterialUpdate":false,"showSkybox":true,"showFlares":true,"showImageEffects":true,"showParticleSystems":true},"in2DMode":false,"pivot":{"x":0.5698976516723633,"y":2.433506727218628,"z":-1.5828361511230469},"rotation":{"x":-0.03115081787109375,"y":0.9460618495941162,"z":-0.09569653868675232,"w":-0.3079589605331421},"size":10.0,"orthographic":false}