{"cameraMode":{"drawMode":0,"name":"Shaded","section":"Shading Mode"},"sceneLighting":true,"audioPlay":false,"sceneViewState":{"showFog":true,"showMaterialUpdate":false,"showSkybox":true,"showFlares":true,"showImageEffects":true,"showParticleSystems":true},"in2DMode":false,"pivot":{"x":106.71533203125,"y":4.099193572998047,"z":92.85082244873047},"rotation":{"x":-0.22853229939937592,"y":0.4122319519519806,"z":-0.107552170753479,"w":-0.8753687143325806},"size":72.07903289794922,"orthographic":false}