{"cameraMode":{"drawMode":0,"name":"Shaded","section":"Shading Mode"},"sceneLighting":true,"audioPlay":false,"sceneViewState":{"showFog":true,"showMaterialUpdate":false,"showSkybox":true,"showFlares":true,"showImageEffects":true,"showParticleSystems":true},"in2DMode":false,"pivot":{"x":148.15306091308595,"y":32.380367279052737,"z":60.31268310546875},"rotation":{"x":0.10732698440551758,"y":-0.7796720862388611,"z":0.13923633098602296,"w":0.601003885269165},"size":9.379655838012696,"orthographic":false}